{"options":{"check_for_updates":true,"comment":null,"compatopts_for_requires":true,"compat_wrappedjsobject":false,"compat_metadata":false,"compat_foreach":false,"compat_arrayleft":false,"compat_uW_gmonkey":false,"compat_forvarin":false,"noframes":null,"awareOfChrome":false,"run_at":null,"override":{"use_includes":[],"orig_includes":["/^.*fastdrama\\.me/.*$/","/^.*drama3s\\.com/.*$/","/^.*.watchasian.co/.*$/","/^.*kissasian\\.sh/.*$/","/^.*fastdrama\\.se/.*$/","/^.*dramacool9\\.io/.*$/"],"merge_includes":true,"use_matches":[],"orig_matches":[],"merge_matches":true,"use_excludes":[],"orig_excludes":[],"merge_excludes":true,"use_connects":[],"merge_connects":true,"use_blockers":[],"orig_run_at":"document-idle","orig_noframes":null,"orig_connects":[]}},"settings":{"enabled":true,"position":1},"meta":{"name":"drama - title clean","uuid":"f625731c-f9db-48d7-af1e-d419edd009c8","modified":1544599096444}}