{"options":{"check_for_updates":true,"comment":null,"compatopts_for_requires":true,"compat_wrappedjsobject":false,"compat_metadata":false,"compat_foreach":false,"compat_arrayleft":false,"compat_uW_gmonkey":false,"compat_forvarin":false,"noframes":null,"awareOfChrome":false,"run_at":null,"override":{"use_includes":[],"orig_includes":["/^.*mydramalist\\.com/search.*$/","/^.*mydramalist\\.com/shows.*$/","/^.*mydramalist\\.com/movies.*$/"],"merge_includes":true,"use_matches":[],"orig_matches":[],"merge_matches":true,"use_excludes":[],"orig_excludes":[],"merge_excludes":true,"use_connects":[],"merge_connects":true,"use_blockers":[],"orig_run_at":"document-idle","orig_noframes":null,"orig_connects":[]}},"settings":{"enabled":false,"position":7},"meta":{"name":"mdl - search not in my list","uuid":"0aa444c4-be27-4dc5-bb64-5fdf4f6ba7f9","modified":1555512937249}}