{"options":{"check_for_updates":true,"comment":null,"compatopts_for_requires":true,"compat_wrappedjsobject":false,"compat_metadata":false,"compat_foreach":false,"compat_arrayleft":false,"compat_uW_gmonkey":false,"compat_forvarin":false,"noframes":null,"awareOfChrome":false,"run_at":null,"override":{"use_includes":[],"orig_includes":["/^https?:\\/\\/facebook\\.com\\//","/^https?:\\/\\/[^\\/]*\\.facebook\\.com\\//"],"merge_includes":true,"use_matches":[],"orig_matches":[],"merge_matches":true,"use_excludes":[],"orig_excludes":["/^https?:\\/\\/[^\\/]*(channel|static)[^\\/]*facebook\\.com\\//","/^https?:\\/\\/[^\\/]*facebook\\.com\\/.*(ai.php|morestories.php|generic.php|xti.php|plugins|connect|ajax|sound_iframe|l.php\\?u)/","/^https?:\\/\\/[^\\/]*\\.facebook\\.com\\/help/","/^https?:\\/\\/[^\\/]*\\.facebook\\.com\\/support/","/^https?:\\/\\/[^\\/]*\\.facebook\\.com\\/saved/"],"merge_excludes":true,"use_connects":[],"merge_connects":true,"use_blockers":[],"orig_run_at":"document-start","orig_noframes":null,"orig_connects":["mbasic.facebook.com","socialfixer.com","matt-kruse.github.io"]}},"settings":{"enabled":true,"position":3},"meta":{"name":"Social Fixer for Facebook","uuid":"a347684b-278a-4c5a-867e-d6ee08db021c","modified":1515405480288}}